"plot","irrigation","moisture"
1,"A",12.2666666666667
2,"A",12.6
3,"A",11.3666666666667
4,"A",12.0666666666667
5,"B",12.3666666666667
6,"B",11.9
7,"B",13.7666666666667
8,"B",13.2333333333333
9,"C",11.9
10,"C",11.4
11,"C",9.73333333333333
12,"C",11.0333333333333
13,"D",12.6333333333333
14,"D",13.9333333333333
15,"D",12.7333333333333
16,"D",13.2333333333333
