"block","treat","yield"
"b1","t1",18.120638567773
"b1","t2",22.5509299726662
"b1","t3",21.4931141627699
"b1","t4",30.7858424064134
"b2","t1",25.9885233154461
"b2","t2",24.538594847646
"b2","t3",30.4622871572855
"b2","t4",33.2149741153877
"b3","t1",31.7273440549605
"b3","t2",31.0838348385309
"b3","t3",38.5353435053525
"b3","t4",37.1695297092343
"b4","t1",33.1362782583746
"b4","t2",30.3559003384675
"b4","t3",42.3747927544293
"b4","t4",40.8651991729543
